"X","Creditability","Account.Balance","Duration.of.Credit..month.","Payment.Status.of.Previous.Credit","Purpose","Credit.Amount","Value.Savings.Stocks","Length.of.current.employment","Instalment.per.cent","Sex...Marital.Status","Guarantors","Duration.in.Current.address","Most.valuable.available.asset","Age..years.","Concurrent.Credits","Type.of.apartment","No.of.Credits.at.this.Bank","Occupation","No.of.dependents","Telephone"
1,1,1,18,3,2,1049,1,1,4,1,1,4,2,21,2,1,1,2,1,1
2,1,1,9,3,4,2799,1,2,2,2,1,2,1,36,2,1,2,2,2,1
4,1,1,12,3,4,2122,1,2,3,2,1,2,1,39,2,1,2,1,2,1
5,1,1,12,3,4,2171,1,2,4,2,1,4,2,38,1,2,2,1,1,1
6,1,1,10,3,4,2241,1,1,1,2,1,3,1,48,2,1,2,1,2,1
7,1,1,8,3,4,3398,1,3,1,2,1,4,1,39,2,2,2,1,1,1
9,1,3,18,3,3,1098,1,1,4,1,1,4,3,65,2,2,2,1,1,1
10,1,2,24,2,3,3758,3,1,1,1,1,4,4,23,2,1,1,1,1,1
12,1,1,30,3,1,6187,2,3,1,3,1,4,3,24,2,1,2,2,1,1
13,1,1,6,3,3,1957,1,3,1,1,1,4,3,31,2,2,1,2,1,1
15,1,1,18,2,3,1936,4,3,2,3,1,4,3,23,2,1,2,1,1,1
16,1,1,6,2,3,2647,3,2,2,2,1,3,1,44,2,1,1,2,2,1
18,1,2,18,2,3,3213,3,1,1,3,1,3,1,25,2,1,1,2,1,1
19,1,2,36,3,3,2337,1,4,4,2,1,4,1,36,2,2,1,2,1,1
21,1,1,6,3,4,3676,1,2,1,2,1,3,1,37,2,1,2,2,2,1
24,1,2,12,3,3,1424,1,3,4,2,1,3,2,26,2,2,1,2,1,1
25,1,1,6,3,4,4716,4,1,1,2,1,3,1,44,2,2,2,1,2,1
26,1,2,11,3,3,4771,1,3,2,2,1,4,2,51,2,2,1,2,1,1
27,1,1,12,2,2,652,1,4,4,1,1,4,2,24,2,1,1,2,1,1
29,1,3,15,2,4,3556,4,2,3,2,1,2,4,29,2,2,1,2,1,1
32,1,3,36,3,4,3535,1,3,4,2,1,4,3,37,2,2,2,2,1,2
34,1,3,24,2,3,1376,3,3,4,1,1,1,3,28,2,2,1,2,1,1
35,1,1,15,2,4,1721,1,1,2,2,1,3,1,36,2,2,1,2,1,1
37,1,3,12,3,4,1495,1,4,4,2,1,1,1,38,2,2,2,1,2,1
40,1,3,24,3,1,3868,1,4,4,1,1,2,3,41,2,1,2,2,1,2
41,1,3,12,3,3,996,4,3,4,1,1,4,1,23,2,2,2,2,1,1
43,1,3,18,3,4,1028,1,2,4,1,1,3,1,36,2,2,2,2,1,1
45,1,2,18,2,3,1239,4,2,4,2,1,4,4,61,2,3,1,2,1,1
46,0,1,18,2,4,1216,1,1,4,1,1,3,3,23,2,1,1,2,1,2
50,1,1,24,3,4,1382,2,3,4,2,1,1,1,26,2,2,2,2,1,2
52,1,3,36,2,3,3919,1,2,2,2,1,2,1,23,2,2,1,2,1,2
53,1,3,9,3,4,1224,1,2,3,2,1,1,1,30,2,2,2,2,1,1
55,1,3,24,2,1,6313,4,4,3,2,1,4,3,41,2,2,1,2,2,2
58,1,1,15,2,3,1053,1,1,4,3,1,2,1,27,2,2,1,2,1,1
60,1,3,36,2,4,3079,4,2,4,2,1,4,1,36,2,2,1,2,1,1
61,1,3,12,3,4,1163,3,2,4,2,1,4,1,44,2,2,1,2,1,2
62,1,3,24,2,1,2679,1,1,4,1,1,1,4,29,2,2,1,2,1,2
63,1,3,48,3,3,3578,4,4,4,2,1,1,1,47,2,2,1,2,1,2
64,1,3,36,3,4,10875,1,4,2,2,1,2,3,45,2,2,2,2,2,2
65,1,1,12,3,4,1344,1,2,4,2,1,2,1,43,2,2,2,1,2,1
67,1,3,12,2,3,3077,1,2,2,2,1,4,3,52,2,2,1,2,1,2
72,1,3,30,2,3,1867,4,4,4,2,1,4,3,58,2,2,1,2,1,2
76,1,2,9,2,2,2030,4,3,2,2,1,1,3,24,2,2,1,2,1,2
77,1,3,21,3,1,3275,1,4,1,2,1,4,3,36,2,2,1,2,1,2
78,1,3,24,3,4,1940,3,4,4,2,1,4,1,60,2,2,1,2,1,2
79,1,1,21,3,4,1602,1,4,4,3,1,3,3,30,2,2,2,2,1,2
82,1,3,36,3,3,3342,4,4,4,2,1,2,3,51,2,2,1,2,1,2
84,1,3,15,3,1,2360,3,2,2,2,1,2,3,36,2,2,1,2,1,2
85,1,3,15,3,2,1520,4,4,4,2,1,4,2,63,2,2,1,2,1,1
91,1,2,12,3,4,1995,2,1,4,2,1,1,3,27,2,2,1,2,1,1
93,1,2,30,1,4,4221,1,2,2,1,1,1,3,28,2,2,2,2,1,1
94,1,1,9,2,3,1364,1,3,3,2,1,4,1,59,2,2,1,2,1,1
95,1,2,18,3,2,6361,1,4,2,2,1,1,4,41,2,2,1,2,1,2
96,1,3,27,3,2,4526,3,1,4,2,1,2,1,32,1,2,2,1,2,2
98,0,2,36,3,4,4455,1,2,2,1,1,2,1,30,1,2,2,2,1,2
101,1,3,24,3,2,3777,3,2,4,2,1,4,1,40,2,2,1,2,1,2
102,1,1,15,2,4,806,1,2,4,1,1,4,2,22,2,2,1,1,1,1
105,1,3,24,3,3,1851,1,3,4,3,2,2,3,33,2,2,2,2,1,2
106,1,3,24,2,4,1393,1,2,2,2,2,2,1,31,2,2,1,2,1,2
108,1,3,18,2,3,1473,1,1,3,3,1,4,1,39,2,2,1,2,1,2
110,1,3,12,3,3,2012,4,3,4,1,1,2,3,61,2,2,1,2,1,1
113,1,2,12,3,4,2366,3,3,3,1,1,3,3,36,2,2,1,2,1,2
117,1,2,9,3,2,1919,1,3,4,2,1,3,3,35,2,1,1,2,1,2
118,1,3,24,2,1,2603,3,2,2,1,1,4,3,28,2,1,1,2,1,2
123,1,2,6,2,3,2063,1,1,4,3,1,3,3,30,2,1,1,2,1,2
125,1,3,15,2,3,1213,3,4,4,2,1,3,2,47,1,2,1,2,1,2
126,1,3,24,3,3,5103,1,1,3,3,1,3,4,47,2,3,2,2,1,2
129,1,3,18,2,4,1820,1,2,2,3,1,2,2,30,2,2,1,2,1,2
132,1,3,18,2,2,2515,1,2,3,2,1,4,1,43,2,2,1,2,1,2
133,1,3,6,2,2,2116,1,2,2,2,1,2,1,41,2,2,1,2,1,2
136,1,3,6,2,2,1543,3,2,4,1,1,2,1,33,2,2,1,2,1,1
137,1,2,12,2,4,1318,3,4,4,2,1,4,1,54,2,2,1,2,1,2
138,1,1,24,1,4,2325,2,3,2,2,1,3,3,32,1,2,1,2,1,1
139,1,2,6,3,4,932,4,3,1,1,1,3,2,39,2,2,2,1,1,1
140,1,3,24,3,3,3148,4,2,3,2,1,2,3,31,2,2,2,2,1,2
142,1,3,9,2,3,3832,4,4,1,2,1,4,1,64,2,2,1,1,1,1
143,1,2,24,2,3,5084,4,4,2,1,1,4,3,42,2,2,1,2,1,2
144,1,3,9,3,2,2406,1,1,2,2,1,3,3,31,2,2,1,2,1,1
148,1,1,12,2,2,1262,4,4,2,1,1,4,2,49,2,2,1,1,1,2
149,1,3,12,2,4,1542,1,3,2,2,1,4,3,36,2,2,1,2,1,2
150,1,2,24,3,3,1743,1,4,4,2,1,2,2,48,2,2,2,1,1,1
152,1,3,12,2,3,2171,1,1,2,1,1,2,3,29,1,2,1,2,1,1
153,1,3,48,3,1,8858,4,3,2,2,1,1,4,35,2,3,2,2,1,2
156,1,3,24,3,3,2684,1,2,4,2,1,2,1,35,2,2,2,1,1,1
157,1,1,12,2,3,1498,1,2,4,1,1,1,3,23,1,2,1,2,1,1
158,1,3,30,3,3,5954,1,3,3,2,2,2,3,38,2,2,1,2,1,1
165,1,3,15,2,3,392,1,1,4,1,1,4,2,23,2,1,1,2,1,2
166,1,3,9,3,4,2134,1,2,4,2,1,4,3,48,2,2,2,2,1,2
167,1,3,30,3,3,5771,1,3,4,1,1,2,3,25,2,2,2,2,1,1
169,1,3,15,3,2,2788,1,3,2,1,2,3,3,24,1,2,2,2,1,1
173,1,3,12,2,3,1297,1,2,3,3,1,4,1,23,2,1,1,2,1,1
176,1,3,24,2,3,3235,3,4,3,1,1,2,3,36,2,2,1,2,1,2
179,1,3,18,2,4,1950,1,3,4,2,1,1,3,34,1,2,2,2,1,2
183,1,1,30,1,4,8072,4,1,2,2,1,3,3,25,1,2,2,2,1,1
184,1,3,30,3,3,2831,1,2,4,1,1,2,3,33,2,2,1,2,1,2
187,1,3,12,2,4,2390,4,4,4,2,1,3,3,50,2,2,1,2,1,2
190,1,3,21,2,4,2923,2,2,1,1,1,1,3,28,1,2,1,2,1,2
191,1,3,24,2,3,1901,2,2,4,2,1,4,3,29,2,1,1,2,1,2
193,1,2,48,2,4,8487,4,3,1,1,1,2,3,24,2,2,1,2,1,1
194,1,3,24,2,4,2255,4,1,4,2,1,1,2,54,2,2,1,2,1,1
201,1,3,30,2,3,2333,3,4,4,2,1,2,3,30,1,2,1,2,1,1
202,1,3,28,1,1,7824,4,1,3,2,2,4,1,40,1,1,2,2,2,2
203,1,3,18,1,3,1445,4,3,4,2,1,4,3,49,1,2,1,1,1,1
204,1,1,24,2,2,7721,4,1,1,1,1,2,2,30,2,2,1,2,1,2
205,1,1,21,2,4,3763,4,3,2,2,2,2,1,24,2,2,1,1,1,1
208,1,2,15,2,3,1444,4,1,4,2,1,1,2,23,2,2,1,2,1,1
213,1,1,24,1,2,2483,3,2,4,2,1,4,1,22,1,2,1,2,1,2
214,1,3,6,3,4,1299,1,2,1,2,1,1,1,74,2,2,2,1,2,1
217,1,3,10,2,1,2901,4,1,1,1,1,4,1,31,2,1,1,2,1,1
224,1,3,27,3,1,8613,3,2,2,2,1,2,3,27,2,2,2,2,1,1
225,1,1,18,2,2,2659,3,2,4,2,1,2,3,28,2,2,1,2,1,1
226,1,3,24,3,3,1516,3,2,4,1,1,1,1,43,2,2,2,1,1,1
227,1,1,18,2,4,4380,2,2,3,2,1,4,3,35,2,2,1,1,2,2
229,1,3,21,2,4,1572,3,4,4,1,1,4,1,36,1,2,1,1,1,1
230,1,2,48,1,4,3566,2,3,4,2,1,2,3,30,2,2,1,2,1,1
232,1,3,6,1,3,426,1,4,4,3,1,4,3,39,2,2,1,1,1,1
234,1,1,30,2,1,3857,1,2,4,1,1,4,2,40,2,2,1,2,1,2
235,0,2,12,2,4,685,1,3,2,3,1,3,3,25,1,2,1,1,1,1
237,1,3,21,2,2,2241,1,4,4,2,1,2,1,50,2,2,2,2,1,1
239,1,3,4,2,2,601,1,1,1,1,1,3,1,23,2,1,1,1,2,1
240,1,3,39,2,1,2569,3,2,4,2,1,4,3,24,2,2,1,2,1,1
241,1,3,15,3,3,1316,3,2,2,3,1,2,2,47,2,2,2,1,1,1
242,1,3,60,2,4,10366,1,4,2,2,1,4,2,42,2,2,1,2,1,2
243,1,3,18,2,4,1568,2,2,3,1,1,4,2,24,2,1,1,1,1,1
244,1,3,18,3,3,629,3,4,4,2,1,3,2,32,1,2,2,2,1,2
246,1,3,24,2,1,3488,2,3,3,1,1,4,3,23,2,2,1,2,1,1
252,1,2,18,3,3,6204,1,2,2,2,1,4,1,44,2,2,1,1,2,2
256,1,3,15,2,4,2687,1,3,2,2,1,4,2,26,2,1,1,2,1,2
258,1,3,10,3,2,2146,1,1,1,1,1,3,1,23,2,1,2,2,1,1
259,1,1,10,2,3,2315,1,4,3,2,1,4,1,52,2,2,1,1,1,1
260,1,3,5,2,4,3448,1,3,1,2,1,4,1,74,2,2,1,1,1,1
265,1,3,12,2,3,1493,1,1,4,1,1,3,3,34,2,2,1,2,2,1
266,1,3,22,2,3,2675,3,4,3,2,1,4,3,40,2,2,1,2,1,1
270,1,3,15,1,3,1569,2,4,4,2,1,4,3,34,1,2,1,1,2,1
272,1,3,36,3,2,7678,3,3,2,1,1,4,3,40,2,2,2,2,1,2
273,1,3,6,2,3,660,3,3,2,3,1,4,1,23,2,1,1,1,1,1
274,1,3,24,2,2,2835,3,4,3,2,1,4,2,53,2,2,1,2,1,1
275,1,3,24,2,1,2670,1,4,4,2,1,4,3,35,2,2,1,2,1,2
276,1,3,12,1,4,3447,3,2,4,1,1,3,1,35,2,2,1,1,2,1
277,1,3,15,2,3,3568,1,4,4,1,1,2,3,54,1,1,1,2,1,2
278,1,2,21,3,4,3652,1,3,2,2,1,3,2,27,2,2,2,2,1,1
279,1,1,24,2,3,3660,1,2,2,1,1,4,3,28,2,2,1,2,1,1
280,1,3,9,2,3,1126,2,4,2,1,1,4,1,49,2,2,1,2,1,1
281,1,3,6,3,3,683,1,1,2,1,1,1,2,29,1,2,1,2,1,1
284,1,2,21,3,4,2353,1,2,1,1,1,4,2,47,2,2,2,2,1,1
286,1,3,6,2,4,672,1,1,1,1,1,4,1,54,2,2,1,1,1,2
292,1,3,15,2,2,2221,3,2,2,1,1,4,3,20,2,1,1,2,1,1
293,1,3,6,3,3,1898,4,2,1,2,1,2,1,34,2,2,2,1,2,1
294,1,2,6,3,4,1449,2,4,1,1,1,2,3,31,1,2,2,2,2,1
296,1,3,36,2,1,8133,1,2,1,1,1,2,2,30,1,2,1,2,1,1
301,1,1,12,1,4,339,1,4,4,3,1,1,3,45,1,2,1,1,1,1
303,1,3,24,2,2,3749,1,1,2,1,1,4,3,26,2,2,1,2,1,1
305,0,3,9,2,3,745,1,2,3,1,1,2,1,28,2,2,1,1,1,1
306,1,3,24,2,4,1469,2,4,4,3,1,4,1,41,2,1,1,1,1,1
307,1,1,6,2,2,1374,1,2,1,2,1,2,1,36,1,2,1,1,1,2
308,1,3,6,1,4,783,4,2,1,2,2,2,1,26,1,2,1,1,2,1
310,1,3,54,1,1,9436,4,2,2,2,1,2,2,39,2,2,1,1,2,1
311,1,3,12,3,3,930,4,4,4,2,1,4,1,65,2,2,2,2,1,1
312,1,3,48,3,1,2751,4,4,4,2,1,3,3,38,2,2,2,2,2,2
313,1,3,6,3,4,250,3,2,2,1,1,2,1,41,1,2,2,1,1,1
314,1,2,24,2,4,1201,1,1,4,2,1,1,2,26,2,2,1,2,1,1
315,1,1,6,2,4,662,1,1,3,2,1,4,1,41,2,2,1,1,2,2
318,1,3,12,2,3,3016,1,2,3,3,1,1,3,24,2,2,1,2,1,1
320,1,3,6,1,4,1204,2,2,4,2,1,1,4,35,1,1,1,2,1,1
323,1,3,11,2,4,2142,3,4,1,1,1,2,1,28,2,2,1,2,1,2
324,1,1,10,3,2,2132,4,1,2,1,2,3,1,27,2,1,2,2,1,1
326,1,3,24,3,4,1287,3,4,4,1,1,4,1,37,2,2,2,2,1,2
328,1,3,6,3,4,1343,1,4,1,2,1,4,1,46,2,2,2,2,2,1
335,1,3,24,3,4,717,4,4,4,3,1,4,3,54,2,2,2,2,1,2
337,1,1,9,3,3,1288,2,4,3,2,2,4,1,48,2,2,2,2,2,1
338,1,1,10,3,4,1038,1,3,4,2,2,3,2,49,2,2,2,2,1,2
339,1,3,10,2,1,2848,2,2,1,2,2,2,1,32,2,2,1,2,2,1
340,1,3,12,2,1,1413,3,3,3,2,1,2,2,55,2,2,1,2,1,1
344,1,3,9,2,4,3577,2,2,1,2,2,2,1,26,2,1,1,2,2,1
351,1,3,10,3,2,2069,4,2,2,3,1,1,3,26,2,2,2,2,1,1
355,1,3,6,2,3,1346,2,4,2,2,1,4,4,42,1,3,1,2,2,2
358,1,3,10,3,4,1231,1,4,3,2,1,4,1,32,2,2,2,1,2,1
360,1,3,15,3,4,5045,4,4,1,1,1,4,3,59,2,2,1,2,1,2
361,1,3,12,3,4,1255,1,4,4,2,1,4,1,61,2,2,2,1,1,1
362,1,1,12,2,2,1858,1,1,4,1,1,1,3,22,2,1,1,2,1,1
363,1,3,6,3,2,1221,4,2,1,3,1,2,2,27,2,2,2,2,1,1
365,1,3,12,2,3,2279,4,2,4,2,1,4,4,37,2,3,1,2,1,2
370,1,1,24,2,2,3021,1,2,2,1,1,2,1,24,2,1,1,1,1,1
374,1,1,6,2,3,343,1,1,4,1,1,1,1,27,2,2,1,2,1,1
376,1,1,27,2,3,3416,1,2,3,2,1,2,3,27,2,2,1,2,1,1
379,1,2,15,2,3,1514,2,2,4,2,2,2,1,22,2,2,1,2,1,1
380,1,3,30,3,3,6742,4,3,2,2,1,3,2,36,2,2,2,2,1,1
381,1,1,18,2,2,3650,1,1,1,1,1,4,3,22,2,1,1,2,1,1
383,1,3,60,3,4,13756,4,4,2,2,1,4,4,63,1,3,1,2,1,2
385,1,3,42,3,2,4041,3,2,4,2,1,4,1,36,2,2,2,2,1,2
390,1,1,24,2,1,2812,4,4,2,1,1,4,1,26,2,1,1,2,1,1
391,1,3,15,2,1,3029,1,3,2,2,1,2,3,33,2,2,1,2,1,1
392,1,3,12,3,4,1480,3,1,2,2,1,4,4,66,1,3,2,1,1,1
395,1,3,24,2,2,5511,2,2,4,2,1,1,3,25,1,2,1,2,1,1
396,1,2,9,2,3,1206,1,4,4,1,1,4,1,25,2,2,1,2,1,1
398,1,3,12,2,3,707,1,2,4,2,1,2,1,30,1,2,2,2,1,1
399,1,3,12,3,1,1503,1,2,4,3,1,4,1,41,2,1,1,2,1,1
404,1,3,24,2,3,3181,1,1,4,1,1,4,2,26,2,2,1,2,1,2
405,1,3,18,2,3,4594,1,1,3,2,1,2,3,32,2,2,1,2,1,2
406,1,2,48,2,4,5381,4,1,3,2,1,4,4,40,1,3,1,1,1,2
408,1,2,9,2,4,1391,1,2,2,3,1,1,1,27,1,2,1,2,1,2
409,1,2,18,2,4,1913,3,1,3,3,1,3,1,36,1,2,1,2,1,2
411,1,3,13,2,3,1409,2,1,2,1,1,4,1,64,2,2,1,2,1,1
413,1,3,12,3,3,976,4,4,4,2,1,4,3,35,2,2,2,2,1,1
414,1,3,24,3,4,2375,3,2,4,2,1,2,3,44,2,2,2,2,2,2
415,1,3,12,3,3,522,3,4,4,2,1,4,2,42,2,2,2,2,2,2
416,1,3,28,3,3,2743,1,4,4,2,1,2,3,29,2,2,2,2,1,1
417,1,3,11,3,3,1154,2,1,4,1,1,4,1,57,2,2,2,1,1,1
418,1,3,24,3,1,5804,3,2,4,2,1,2,1,27,2,2,2,2,1,1
420,1,1,15,3,2,1478,1,4,4,2,1,4,3,44,2,2,2,2,2,2
422,1,2,11,3,4,1322,3,2,4,1,1,4,3,40,2,2,2,2,1,1
423,1,2,16,3,4,1175,1,1,2,2,1,3,3,68,2,3,2,1,1,2
424,1,3,12,2,4,2133,4,4,4,1,1,4,4,52,2,3,1,2,1,2
425,1,3,15,3,3,1829,1,4,4,2,1,4,3,46,2,2,2,2,1,2
426,1,3,12,3,3,717,1,4,4,2,1,4,1,52,2,2,2,2,1,1
431,1,3,30,3,3,4530,1,3,4,1,1,4,3,26,2,1,1,2,1,2
435,1,3,12,3,4,1264,4,4,4,2,1,4,4,57,2,1,1,1,1,1
436,1,3,7,3,3,846,4,4,3,2,1,4,4,36,2,3,1,2,1,1
437,1,3,15,3,3,1532,2,2,4,1,1,3,3,31,2,2,1,2,1,1
439,1,1,27,3,4,2442,1,4,4,2,1,4,3,43,1,2,2,2,2,2
441,1,3,21,3,2,2288,1,1,4,1,1,4,2,23,2,2,1,2,1,2
443,1,1,39,3,2,14179,4,3,4,2,1,4,2,30,2,2,2,2,1,2
444,1,3,15,2,3,1386,4,2,4,3,1,2,1,40,2,1,1,2,1,2
445,1,3,12,3,3,618,1,4,4,2,1,4,1,56,2,2,1,2,1,1
446,1,3,12,2,2,1574,1,2,4,2,1,2,1,50,2,2,1,2,1,1
447,1,3,6,3,3,700,4,4,4,2,1,4,4,36,2,3,2,2,1,1
448,1,3,12,2,3,886,4,2,4,1,1,2,3,21,2,2,1,2,1,1
449,1,3,36,2,1,4686,1,2,2,2,1,2,4,32,2,3,1,2,1,2
451,0,2,12,2,3,766,3,2,4,2,1,3,1,66,2,2,1,1,1,1
453,1,2,10,2,4,7308,1,1,2,2,1,4,4,70,1,3,1,2,1,2
454,1,2,24,3,3,5743,1,1,2,1,1,4,4,24,2,3,2,2,1,2
459,1,2,24,3,2,2333,4,1,4,2,1,2,2,29,1,2,1,1,1,1
460,1,3,12,2,1,2445,4,1,2,3,1,4,3,26,2,1,1,2,1,2
461,1,2,20,2,1,6468,4,1,1,1,1,4,1,60,2,2,1,2,1,2
462,1,2,18,3,2,7374,1,1,4,2,1,4,2,40,1,2,2,2,1,2
463,1,3,15,2,1,3812,2,1,1,1,1,4,3,23,2,2,1,2,1,2
464,0,1,28,2,4,4006,1,2,3,2,1,2,3,45,2,2,1,1,1,1
467,1,2,12,2,1,2028,4,2,4,2,1,2,3,30,2,2,1,2,1,1
469,1,2,36,2,3,2323,1,3,4,2,1,4,3,24,2,1,1,2,1,1
471,1,3,18,2,2,1984,1,2,4,2,1,4,4,47,1,3,2,2,1,1
474,1,3,15,2,2,2186,4,3,1,1,1,4,1,33,1,1,1,1,1,1
475,1,3,36,2,3,4473,1,4,4,2,1,2,3,31,2,2,1,2,1,1
476,1,3,24,2,4,937,1,1,4,3,1,3,3,27,2,2,2,1,1,1
478,1,3,24,2,3,3105,4,1,4,2,1,2,3,25,2,2,2,2,1,1
480,1,2,18,2,3,3872,1,1,2,1,1,4,3,67,2,2,1,2,1,2
481,1,3,27,2,3,5190,4,4,4,2,1,4,2,48,2,2,2,2,2,2
484,1,3,12,3,2,5801,4,4,2,2,1,4,2,49,2,1,1,2,1,2
486,1,3,12,3,4,1185,1,2,3,1,1,2,1,27,2,2,2,2,1,1
490,1,3,12,2,4,3527,4,1,2,2,1,3,2,45,2,2,1,2,2,2
492,1,3,12,3,2,3331,1,4,2,2,1,4,2,42,1,2,1,2,1,1
496,1,3,24,2,3,1311,2,3,4,3,1,3,2,26,2,2,1,2,1,2
498,1,3,24,3,1,4042,4,3,3,2,1,4,2,43,2,2,2,2,1,2
499,1,3,12,3,4,926,1,1,1,1,1,2,2,38,2,2,1,1,1,1
501,1,3,24,2,4,1249,1,1,4,3,1,2,1,28,2,2,1,2,1,1
503,1,3,6,2,3,1595,1,3,3,2,1,2,2,51,2,2,1,2,2,1
504,1,3,24,3,3,2058,1,2,4,1,1,2,1,33,2,2,2,2,1,2
506,1,3,6,3,3,1740,1,4,2,3,1,2,1,30,2,1,2,2,1,1
508,1,3,24,3,1,6842,4,2,2,2,1,4,2,46,2,2,2,2,2,2
510,1,1,6,2,4,1203,2,4,3,2,1,2,2,43,2,2,1,2,1,2
514,1,2,30,2,2,3832,1,1,2,3,1,1,2,22,2,2,1,2,1,1
519,0,3,24,2,3,5943,4,1,1,1,1,1,3,44,2,2,2,2,1,2
525,1,2,12,3,1,1860,1,1,4,2,1,2,3,34,2,2,2,2,1,2
526,1,3,36,3,3,9566,1,2,2,1,1,2,3,31,1,2,2,2,1,1
528,1,2,12,2,3,2930,1,3,2,1,1,1,1,27,2,2,1,2,1,1
529,1,3,18,2,3,1505,1,2,4,2,1,2,4,32,2,3,1,2,1,2
532,1,3,24,3,1,2197,4,3,4,2,1,4,3,43,2,2,2,2,2,2
534,1,1,18,3,3,1880,1,3,4,3,1,1,2,32,2,2,2,2,1,2
536,1,2,24,2,3,1967,1,4,4,1,1,4,3,20,2,2,1,2,1,2
540,1,2,18,1,2,3244,1,2,1,1,1,4,3,33,1,2,2,2,1,2
541,0,2,9,2,3,1670,1,1,4,1,1,2,3,22,2,2,1,2,1,2
542,1,2,48,2,3,3979,4,3,4,2,1,1,3,41,2,2,2,2,2,2
549,1,2,12,2,4,1007,3,2,4,3,1,1,1,22,2,2,1,2,1,1
553,1,3,12,2,4,1101,1,2,3,3,1,2,1,27,2,2,2,2,1,2
560,1,2,14,2,4,1410,3,4,1,3,1,2,1,35,2,2,1,2,1,2
561,1,3,20,3,4,3485,4,1,2,1,1,4,1,44,2,2,2,2,1,2
563,0,2,60,2,4,7408,2,1,4,1,1,2,2,24,2,2,1,2,1,1
564,1,3,24,2,3,1377,2,4,4,1,1,2,4,47,2,3,1,2,1,2
569,1,3,12,3,2,1935,1,4,4,2,1,4,1,43,2,2,2,2,1,2
572,1,3,36,2,3,9055,4,2,2,2,1,4,4,35,2,3,1,1,2,2
573,1,2,26,2,1,7966,1,1,2,2,1,3,3,30,2,2,2,2,1,1
574,1,2,30,1,2,3496,3,2,4,2,1,2,3,34,1,2,1,2,2,2
575,1,2,36,2,1,6948,1,2,2,2,1,2,3,35,2,1,1,2,1,2
576,1,2,48,1,4,12204,4,2,2,2,1,2,3,48,1,2,1,2,1,2
577,0,1,36,2,2,3446,1,4,4,2,1,2,3,42,2,2,1,2,2,1
580,0,1,42,2,3,7174,4,3,4,1,1,3,3,30,2,2,1,2,1,2
581,0,1,24,1,3,1546,1,3,4,2,2,4,3,24,1,1,1,1,1,1
583,0,3,24,2,3,3621,2,4,2,2,1,4,3,31,2,2,2,2,1,1
585,0,1,12,2,2,7865,1,4,4,2,1,4,4,53,2,3,1,2,1,2
587,1,1,18,3,4,5302,1,4,2,2,1,4,4,36,2,3,2,2,1,2
588,1,1,36,2,2,3620,1,2,1,2,2,2,2,37,2,2,1,2,2,1
589,1,1,18,2,3,3509,1,3,4,1,2,1,1,25,2,2,1,2,1,1
590,1,2,12,2,2,3017,1,1,3,1,1,1,1,34,2,1,1,2,1,1
591,1,1,12,2,2,1657,1,2,2,2,1,2,1,27,2,2,1,2,1,1
595,1,1,30,1,2,4583,1,2,2,1,2,2,1,32,2,2,2,2,1,1
596,1,1,36,3,2,5371,1,2,3,2,2,2,2,28,2,2,2,2,1,1
598,1,1,21,3,4,571,1,4,4,2,1,4,1,65,2,2,2,2,1,1
600,0,1,36,2,2,5179,1,3,4,2,1,2,2,29,2,2,1,2,1,1
601,0,1,36,2,1,8229,1,2,2,2,1,2,2,26,2,2,1,2,2,1
603,1,1,6,2,4,1374,4,1,4,1,1,3,2,75,2,2,1,2,1,2
607,1,2,6,3,2,1050,1,1,4,2,1,1,2,35,1,2,2,2,1,2
609,1,1,48,2,1,4788,1,3,4,2,1,3,2,26,2,2,1,2,2,1
611,0,2,12,2,4,836,2,1,4,1,1,2,2,23,1,2,1,1,1,1
612,1,1,12,2,2,2577,1,2,2,1,1,1,3,42,2,2,1,2,1,1
614,1,1,15,2,2,1845,1,1,4,1,2,1,2,46,2,1,1,2,1,1
615,1,1,24,2,1,6579,1,1,4,2,1,2,4,29,2,3,1,2,1,2
617,1,1,30,3,1,10623,1,4,3,2,1,4,4,38,2,3,2,2,2,2
619,0,1,30,2,2,3108,1,1,2,1,1,4,2,31,2,2,1,1,1,1
620,1,2,12,3,4,958,1,3,2,2,1,3,1,47,2,2,2,1,2,1
622,1,3,24,3,4,6314,1,1,4,2,2,2,4,27,1,2,2,2,1,2
625,1,1,24,3,1,6615,1,1,2,2,1,4,4,75,2,3,2,2,1,2
628,1,3,18,3,3,1582,3,4,4,2,1,4,3,46,2,2,2,2,1,1
629,1,3,6,2,4,1238,4,1,4,2,1,4,2,36,2,2,1,2,2,2
631,1,1,15,3,2,1433,1,2,4,1,1,3,2,25,2,1,2,2,1,1
632,1,1,42,2,2,7882,1,3,2,2,2,4,2,45,2,3,1,2,2,1
634,1,1,36,2,2,3959,1,1,4,2,1,3,2,30,2,2,1,2,1,2
635,1,1,36,2,4,3249,1,3,2,2,1,4,4,39,1,3,1,2,2,2
636,1,1,24,2,2,3149,1,1,4,2,1,1,4,22,1,3,1,2,1,1
637,0,1,12,3,2,2246,1,4,3,2,1,3,2,60,2,2,2,2,1,1
638,1,1,13,3,4,1797,1,1,3,2,1,1,2,28,1,2,2,1,1,1
640,1,1,24,3,1,2957,1,4,4,2,1,4,2,63,2,2,2,2,1,2
641,1,1,36,3,2,2348,1,2,3,3,1,2,2,46,2,2,2,2,1,2
643,1,1,24,3,1,6419,1,4,2,1,1,4,4,44,2,3,2,2,2,2
646,1,1,36,2,4,15857,1,1,2,1,2,3,3,43,2,2,1,2,1,1
649,1,2,30,3,4,2503,2,4,4,2,1,2,2,41,1,2,2,2,1,1
652,1,2,6,2,3,368,4,4,4,2,1,4,2,38,2,2,1,2,1,1
655,1,2,48,3,4,6681,4,2,4,2,1,4,4,38,2,3,1,2,2,2
658,1,2,6,2,3,753,1,2,2,1,2,3,1,64,2,2,1,2,1,1
662,1,2,12,2,3,1103,1,3,4,2,2,3,1,29,2,2,2,2,1,1
664,1,2,6,2,3,1068,1,4,4,2,1,4,3,28,2,2,1,2,2,1
665,1,1,8,3,4,713,1,4,4,2,1,4,1,47,2,2,2,1,1,1
666,1,2,12,2,3,1092,1,2,4,1,2,4,1,49,2,2,2,2,1,2
667,1,2,7,2,3,2329,1,1,1,1,2,1,1,45,2,2,1,2,1,1
669,1,2,18,2,3,866,1,2,4,3,2,2,1,25,2,2,1,1,1,1
670,1,2,7,2,3,2415,1,2,3,2,2,2,1,34,2,2,1,2,1,1
671,1,2,13,2,3,2101,1,1,2,1,2,4,2,23,2,2,1,1,1,1
673,1,2,18,2,3,1113,1,2,4,1,2,4,1,26,2,2,1,1,2,1
675,1,2,12,2,3,625,1,1,4,3,2,1,1,26,1,2,1,1,1,1
680,1,2,6,2,3,484,1,3,3,3,2,3,1,28,1,2,1,1,1,1
681,1,2,10,1,3,1048,1,2,4,2,1,4,1,23,1,2,1,1,1,1
685,1,1,12,2,3,2214,1,2,4,2,1,3,2,24,2,2,1,1,1,1
686,1,3,24,3,2,1585,1,3,4,2,1,3,2,40,2,2,2,2,1,1
687,1,2,10,2,2,1521,1,2,4,1,1,2,3,31,2,2,1,1,1,1
688,1,2,36,1,3,3990,4,1,3,1,1,2,4,29,1,2,1,1,1,1
689,1,3,18,2,2,3049,1,1,1,1,1,1,2,45,1,2,1,1,1,1
691,1,3,60,2,3,10144,2,3,2,1,1,4,1,21,2,2,1,2,1,2
692,1,1,12,2,4,1168,1,2,4,3,1,3,1,27,2,2,1,1,1,1
693,1,2,6,2,3,454,1,1,3,3,1,1,2,22,2,2,1,1,1,1
695,1,3,12,2,2,1768,1,2,3,2,1,2,1,24,2,1,1,1,1,1
696,1,3,60,3,3,15653,1,3,2,2,1,4,3,21,2,2,2,2,1,2
697,1,3,12,3,4,2247,1,2,2,1,1,2,3,36,1,2,2,2,1,2
700,1,1,24,3,3,1231,3,4,4,1,1,4,2,57,2,1,2,2,1,2
701,0,1,36,2,1,8335,4,4,3,2,1,4,4,47,2,3,1,2,1,1
705,1,1,6,3,3,1169,4,4,4,2,1,4,1,67,2,2,2,2,1,2
709,0,1,48,1,4,7685,1,3,2,1,2,4,3,37,2,1,1,2,1,1
710,1,3,48,3,3,6110,1,2,1,2,1,3,4,31,1,3,1,2,1,2
711,1,3,24,2,4,3757,1,4,4,1,2,4,4,62,2,3,1,2,1,2
712,1,1,42,3,3,3394,1,1,4,2,2,4,3,65,2,2,2,1,1,1
713,1,3,36,3,4,6304,4,4,4,2,1,4,1,36,2,2,2,2,1,1
714,1,3,9,3,3,1244,4,4,4,1,1,4,2,41,2,1,2,1,1,1
716,1,3,36,1,3,2613,1,2,4,2,1,2,3,27,2,2,2,2,1,1
723,1,3,21,3,1,2993,1,2,3,2,1,2,1,28,1,2,2,1,1,1
724,1,3,36,3,1,8947,4,3,3,2,1,2,3,31,1,2,1,2,2,2
725,1,1,24,2,2,4020,1,2,2,2,1,2,3,27,1,2,1,2,1,1
728,1,3,12,2,4,1884,1,4,4,2,1,4,3,39,2,2,1,2,1,2
729,1,3,36,3,1,11054,4,2,4,2,1,2,3,30,2,2,1,2,1,2
730,1,2,60,3,3,9157,4,2,2,2,1,2,4,27,2,3,1,2,1,1
731,1,2,42,1,1,9283,1,1,1,2,1,2,4,55,1,3,1,2,1,2
740,1,2,20,1,1,6148,2,4,3,3,1,4,3,31,1,2,2,2,1,2
741,1,3,12,2,2,1736,1,3,3,1,1,4,1,31,2,2,1,1,1,1
743,0,1,24,2,2,2996,4,2,2,3,1,4,3,20,2,2,1,2,1,1
744,1,3,30,3,1,7596,4,4,1,2,1,4,3,63,2,2,2,2,1,1
747,1,2,24,2,1,2760,4,4,4,2,1,4,4,36,1,3,1,2,1,2
749,1,2,9,2,3,1199,1,3,4,1,1,4,2,67,2,2,2,2,1,2
750,1,3,24,2,2,2892,1,4,3,1,1,4,4,51,2,3,1,2,1,1
754,0,2,24,2,1,4113,3,1,3,1,1,4,3,28,2,1,1,2,1,1
755,0,2,6,2,4,14555,4,1,1,2,1,2,2,23,2,2,1,1,1,2
757,0,1,24,3,4,1199,1,4,4,2,1,4,3,60,2,2,2,1,1,1
758,0,1,12,1,4,1082,1,2,4,2,1,4,3,48,1,2,2,2,1,1
761,0,2,48,2,3,3060,1,3,4,2,1,4,1,28,2,2,2,2,1,1
762,0,1,18,2,3,2600,1,2,4,2,1,4,4,65,2,3,2,2,1,1
765,0,3,24,3,4,2538,1,4,4,2,1,4,3,47,2,2,2,1,2,1
769,0,2,9,1,4,1437,2,3,2,2,1,3,4,29,2,2,1,2,1,1
771,0,1,24,2,3,1823,1,1,4,2,1,2,3,30,1,2,1,2,2,1
773,0,1,18,2,3,1217,1,2,4,3,1,3,1,47,2,2,1,1,1,2
775,0,1,36,3,4,2145,1,3,2,2,1,1,3,24,2,2,2,2,1,2
779,0,2,18,3,3,1245,1,2,4,3,1,2,3,33,2,2,1,2,1,1
782,0,1,24,3,3,1024,1,1,4,3,1,4,1,48,1,2,1,2,1,1
784,0,2,6,1,3,433,3,1,4,1,1,2,2,24,1,1,1,2,2,1
787,0,2,6,1,4,931,2,1,1,1,1,1,2,32,1,2,1,1,1,1
789,0,2,24,1,4,4241,1,2,1,2,1,4,1,36,2,2,2,1,1,2
790,0,2,24,3,2,4736,1,1,2,1,1,4,3,25,1,2,1,1,1,1
791,0,2,15,1,4,1778,1,1,2,1,1,1,1,26,2,1,2,1,1,1
793,0,1,24,1,2,6872,1,1,2,1,1,1,2,55,1,2,1,2,1,2
796,0,2,36,1,4,1953,1,4,4,2,1,4,4,61,2,3,1,2,1,2
797,0,3,18,2,2,2864,1,2,2,2,1,1,1,34,2,2,1,1,2,1
807,0,2,18,1,4,2278,2,1,3,1,1,3,3,28,2,2,2,2,1,1
808,0,1,60,3,4,6836,1,4,3,2,1,4,4,63,2,2,2,2,1,2
809,0,1,24,2,2,3345,1,4,4,2,1,2,2,39,2,1,1,2,1,2
810,0,1,6,1,3,1198,1,4,4,1,1,4,4,35,2,3,1,2,1,1
811,0,2,48,2,4,15672,1,2,2,2,1,2,3,23,2,2,1,2,1,2
813,0,3,18,2,3,1943,1,1,4,1,1,4,1,23,2,2,1,2,1,1
815,0,2,9,1,1,5129,1,4,2,1,1,4,4,74,1,3,1,2,2,2
817,0,3,10,2,4,1240,2,4,1,1,1,4,4,48,2,3,1,1,2,1
818,0,1,12,2,4,759,1,3,4,2,1,2,1,26,2,2,1,2,1,1
825,0,1,24,3,3,1659,1,1,4,1,1,2,3,29,2,1,1,1,1,2
826,0,2,6,3,4,1209,1,1,4,2,1,4,2,47,2,2,1,2,1,2
829,0,2,12,2,3,639,1,2,4,2,1,2,3,30,2,2,1,2,1,1
832,0,3,36,3,3,4463,1,2,4,2,1,2,3,26,2,2,2,2,1,2
836,0,2,24,2,1,11560,1,2,1,1,1,4,3,23,2,1,2,2,1,1
837,0,3,18,1,4,4165,1,2,2,2,1,2,3,36,1,2,2,2,2,1
838,0,2,24,2,2,4057,1,3,3,1,1,3,3,43,2,2,1,2,1,2
843,0,3,12,2,2,1123,3,2,4,1,1,4,3,29,2,1,1,1,1,1
844,0,2,24,2,4,11328,1,2,2,2,2,3,3,29,1,2,2,2,1,2
845,0,2,24,3,4,11938,1,2,2,2,2,3,3,39,2,2,2,2,2,2
847,0,2,30,3,3,1919,2,1,4,2,1,3,4,30,1,2,2,2,1,1
848,0,2,60,1,4,14782,2,4,3,1,1,4,4,60,1,3,2,2,1,2
849,0,2,36,2,3,2671,2,2,4,1,2,4,4,50,2,3,1,2,1,1
850,0,2,36,2,3,12612,2,2,1,2,1,4,4,47,2,3,1,2,2,2
852,0,1,12,1,3,626,1,2,4,1,1,4,1,24,1,2,1,1,1,1
854,0,3,24,3,4,1344,4,3,4,2,1,2,1,37,1,2,2,1,2,1
857,0,1,24,1,2,3349,3,1,4,2,1,4,4,30,2,3,1,2,2,2
858,0,1,36,2,3,2302,1,2,4,1,1,4,3,31,2,1,1,2,1,1
859,0,1,42,2,3,3965,1,1,4,2,1,3,3,34,2,2,1,2,1,1
861,0,3,48,2,4,3914,4,2,4,1,1,2,1,38,1,2,1,2,1,1
864,0,3,18,3,4,2775,1,3,2,2,1,2,2,31,1,2,2,2,1,1
865,0,1,40,3,3,5998,1,2,4,2,1,3,4,27,1,2,1,2,1,2
866,0,3,15,3,3,1271,4,2,3,2,1,4,4,39,2,3,2,2,1,2
867,0,2,12,2,4,1295,1,1,3,1,1,1,3,25,2,1,1,2,1,1
868,0,2,36,2,1,9398,1,1,1,3,1,4,3,28,2,1,1,2,1,2
870,0,2,24,2,4,1355,1,1,3,1,1,4,3,25,2,2,1,1,1,2
871,0,1,48,2,3,3051,1,2,3,2,1,4,3,54,2,2,1,2,1,1
873,0,3,18,2,3,433,1,1,3,1,2,4,1,22,2,1,1,2,1,1
876,0,2,30,3,4,4249,1,1,4,3,1,2,3,28,2,2,2,2,1,1
879,0,1,9,2,3,1366,1,1,3,1,1,4,2,22,2,1,1,2,1,1
880,0,1,24,1,4,1358,4,4,4,2,1,3,3,40,1,2,1,2,1,2
883,0,1,48,2,4,7763,1,4,4,2,1,4,4,42,1,3,1,2,1,1
884,0,2,15,1,4,1264,2,2,2,3,1,2,2,25,2,1,1,2,1,1
887,0,1,24,2,4,3123,1,1,4,1,1,1,2,27,2,2,1,2,1,1
891,0,2,60,2,4,14027,1,3,4,2,1,2,4,27,2,2,1,2,1,2
892,0,1,36,3,1,9629,1,3,4,2,1,4,3,24,2,2,2,2,1,2
893,0,2,12,2,3,1484,4,2,2,3,1,1,1,25,2,2,1,2,1,2
894,0,1,18,2,2,1131,1,1,4,1,1,2,3,33,2,2,1,2,1,1
895,0,2,24,3,2,2064,1,1,3,1,1,2,2,34,2,2,1,2,1,2
897,0,3,21,3,4,2580,3,1,4,2,1,2,1,41,1,2,1,1,2,1
899,0,2,27,2,4,3915,1,2,4,2,1,2,3,36,2,2,1,2,2,2
900,0,3,10,2,4,1309,4,2,4,2,2,4,2,27,2,2,1,1,1,1
901,0,1,24,2,4,4817,1,3,2,2,2,3,2,31,2,2,1,2,1,2
905,0,1,18,1,2,3114,1,1,1,1,1,4,2,26,2,1,1,2,1,1
906,0,1,18,3,2,2124,1,2,4,1,1,4,1,24,2,1,2,2,1,1
909,0,1,24,3,4,1333,1,1,4,2,1,2,1,43,2,3,2,2,2,1
911,0,1,24,3,4,4870,1,2,3,2,1,4,4,53,2,3,2,2,2,1
912,0,1,12,3,4,691,1,4,4,2,1,3,2,35,2,2,2,2,1,1
913,0,1,42,3,3,4370,1,3,3,2,1,2,2,26,1,2,2,2,2,2
915,0,1,24,1,2,4110,1,4,3,2,1,4,4,23,1,1,2,2,2,1
918,0,2,12,1,2,2969,1,1,4,1,1,3,2,25,2,1,2,2,1,1
919,0,1,48,1,1,4605,1,4,3,2,1,4,4,24,2,3,2,2,2,1
921,0,1,24,1,2,3552,1,3,3,2,1,4,3,27,1,2,1,2,1,1
924,0,1,27,1,4,5293,1,1,2,2,1,4,2,50,2,2,2,2,1,2
929,0,1,48,2,1,10297,1,3,4,2,1,4,4,39,2,3,2,2,2,2
932,0,1,12,2,4,1274,1,1,3,1,1,1,1,37,1,2,1,1,1,1
934,0,1,12,2,4,1372,1,3,2,1,1,3,3,36,2,2,1,2,1,1
936,0,1,20,3,4,2235,1,2,4,3,2,2,2,33,1,1,2,2,1,1
937,0,2,9,2,2,959,1,2,1,1,1,2,3,29,1,2,1,2,1,1
939,0,2,24,2,4,1246,1,1,4,2,1,2,1,23,1,2,1,1,1,1
941,0,3,48,3,4,10127,3,2,2,2,1,2,4,44,2,3,1,2,1,1
942,0,2,12,2,4,888,1,4,4,2,1,4,3,41,1,2,1,1,2,1
943,0,3,12,2,3,719,1,4,4,2,1,4,3,41,1,2,1,1,2,1
944,0,2,36,2,4,12389,4,2,1,2,1,4,4,37,1,3,1,2,1,2
946,0,2,15,1,4,6850,2,1,1,2,1,2,2,34,1,2,1,2,2,2
947,0,3,10,2,2,2210,1,2,2,2,1,2,1,25,2,1,1,1,1,1
952,0,3,12,3,4,939,3,3,4,3,1,2,1,28,2,2,2,2,1,2
953,0,2,21,2,4,1188,1,4,2,1,1,4,2,39,2,2,1,2,2,1
954,0,3,48,3,1,11590,2,2,2,1,1,4,3,24,2,1,2,1,1,1
956,0,1,18,3,3,1190,1,1,2,1,1,4,4,55,2,3,2,1,2,1
957,0,2,21,2,4,2767,2,4,4,1,1,2,3,61,2,1,2,1,1,1
958,0,2,30,2,2,3441,2,2,2,1,2,4,3,21,1,1,1,2,1,1
959,0,2,30,1,4,4280,2,2,4,1,1,4,3,26,2,1,2,1,1,1
962,0,2,12,2,3,1331,1,1,2,2,1,1,3,22,2,2,1,2,1,1
963,0,2,54,1,4,15945,1,1,3,2,1,4,4,58,2,1,1,2,1,2
964,0,1,24,2,2,3234,1,1,4,1,1,4,1,23,2,1,1,1,1,2
965,0,2,15,2,3,802,1,4,4,2,1,3,3,37,2,2,1,2,2,1
967,0,3,24,3,4,8648,1,1,2,2,1,2,3,27,1,2,2,2,1,2
968,0,1,18,2,3,1345,1,2,4,3,1,3,1,26,2,2,1,2,1,1
969,0,1,45,2,3,1845,1,2,4,2,1,4,4,23,2,3,1,2,1,2
970,0,1,21,1,4,1647,4,2,4,2,1,2,2,40,1,2,2,1,2,1
972,0,2,27,1,4,8318,1,4,2,1,1,4,4,42,1,3,2,2,1,2
974,0,1,45,1,4,11816,1,4,2,2,1,4,3,29,2,1,2,2,1,1
975,0,1,6,2,3,448,1,1,4,1,1,4,2,23,2,2,1,2,1,1
979,0,2,12,2,2,2762,4,4,1,1,1,2,2,25,2,2,1,2,1,2
981,0,2,24,2,3,2039,1,1,1,3,1,1,2,22,2,2,1,2,1,2
986,0,3,12,3,4,2292,1,1,4,2,1,2,3,42,1,2,2,2,1,2
987,0,1,14,2,4,8978,1,4,1,1,1,4,2,45,2,2,1,2,1,2
989,0,1,18,2,4,976,1,1,1,1,1,2,3,23,2,2,1,1,1,1
990,0,2,24,2,4,2718,1,2,3,1,1,4,2,20,2,1,1,1,1,2
991,0,1,18,2,3,750,1,1,4,1,1,1,1,27,2,2,1,1,1,1
994,0,1,18,3,4,3966,1,4,1,1,1,4,1,33,1,1,2,2,1,2
995,0,1,12,1,3,6199,1,2,4,2,1,2,2,28,2,1,2,2,1,2
996,0,1,24,2,3,1987,1,2,2,2,1,4,1,21,2,1,1,1,2,1
998,0,3,21,3,4,12680,4,4,4,2,1,4,4,30,2,3,1,2,1,2
1000,0,1,30,2,2,6350,4,4,4,2,1,4,2,31,2,2,1,2,1,1
